{"model": "ARIMA", "rmse": 556.861254536544, "predictions": [3372.3771130572322, 3371.5421821899363, 3371.3497639433344, 3371.3054192160334, 3371.2951995259878, 3371.292844295254, 3371.292301508556, 3371.2921764178827, 3371.292147589474, 3371.2921409456762, 3371.292139414546, 3371.2921390616816, 3371.2921389803605, 3371.292138961619, 3371.2921389573, 3371.2921389563044, 3371.292138956075, 3371.2921389560224, 3371.29213895601, 3371.2921389560074, 3371.292138956007, 3371.292138956007, 3371.292138956007, 3371.292138956007, 3371.292138956007, 3371.292138956007, 3371.292138956007, 3371.292138956007, 3371.292138956007, 3371.292138956007, 3371.292138956007, 3371.292138956007, 3371.292138956007, 3371.292138956007, 3371.292138956007, 3371.292138956007, 3371.292138956007, 3371.292138956007, 3371.292138956007, 3371.292138956007, 3371.292138956007, 3371.292138956007, 3371.292138956007, 3371.292138956007, 3371.292138956007, 3371.292138956007, 3371.292138956007, 3371.292138956007, 3371.292138956007, 3371.292138956007, 3371.292138956007, 3371.292138956007, 3371.292138956007, 3371.292138956007, 3371.292138956007, 3371.292138956007, 3371.292138956007, 3371.292138956007, 3371.292138956007, 3371.292138956007, 3371.292138956007, 3371.292138956007, 3371.292138956007, 3371.292138956007, 3371.292138956007, 3371.292138956007, 3371.292138956007, 3371.292138956007, 3371.292138956007, 3371.292138956007, 3371.292138956007, 3371.292138956007, 3371.292138956007, 3371.292138956007, 3371.292138956007, 3371.292138956007, 3371.292138956007, 3371.292138956007, 3371.292138956007, 3371.292138956007, 3371.292138956007, 3371.292138956007, 3371.292138956007, 3371.292138956007, 3371.292138956007, 3371.292138956007, 3371.292138956007, 3371.292138956007, 3371.292138956007, 3371.292138956007, 3371.292138956007, 3371.292138956007, 3371.292138956007, 3371.292138956007, 3371.292138956007, 3371.292138956007, 3371.292138956007, 3371.292138956007, 3371.292138956007, 3371.292138956007, 3371.292138956007, 3371.292138956007, 3371.292138956007, 3371.292138956007, 3371.292138956007, 3371.292138956007], "actual": [3603.0, 3603.0, 3605.0, 3625.0, 3589.0, 3631.0, 3630.0, 3645.0, 3645.0, 3642.0, 3658.0, 3646.0, 3676.0, 3669.0, 3710.0, 3710.0, 3701.0, 3724.0, 3764.0, 3827.0, 3823.0, 3735.0, 3735.0, 3746.0, 3736.0, 3741.0, 3757.0, 3676.0, 3691.0, 3691.0, 3686.0, 3706.0, 3710.0, 3771.0, 3824.0, 3841.0, 3841.0, 3849.0, 3799.0, 3810.0, 3796.0, 3819.0, 3844.0, 3846.0, 3839.0, 3867.0, 3909.0, 3927.0, 3877.0, 3884.0, 3884.0, 3874.0, 3907.0, 3961.0, 3948.0, 3918.0, 3924.0, 3924.0, 3923.0, 3960.0, 3929.0, 3909.0, 3937.0, 3931.0, 3936.0, 3929.0, 3897.0, 3874.0, 3883.0, 3918.0, 3919.0, 3917.0, 3912.0, 3882.0, 3893.0, 3919.0, 3920.0, 3997.0, 3997.0, 3993.0, 4018.0, 4013.0, 4019.0, 4035.0, 4074.0, 4074.0, 4077.0, 4100.0, 4111.0, 4149.0, 4166.0, 4145.0, 4146.0, 4145.0, 4098.0, 4106.0, 4269.0, 4269.0, 4269.0, 4269.0, 4269.0, 4269.0, 4269.0, 4269.0, 4269.0, 4269.0]}