{"best_model": "LSTM", "rmses": {"ARIMA": 556.861254536544, "Prophet": 678.5239401130113, "LSTM": 446.98195276961945}}