{"predictions": [4402.28515625, 4405.23974609375, 4403.71044921875, 4403.54248046875, 4402.8203125, 4402.517578125, 4401.4013671875, 4395.6005859375, 4384.72412109375, 4373.0634765625, 4366.2958984375, 4362.5947265625, 4360.82666015625, 4359.787109375, 4355.34521484375, 4351.13232421875, 4350.68310546875, 4352.3154296875, 4365.5380859375, 4383.71435546875, 4403.14892578125, 4425.4013671875, 4446.59423828125, 4466.3955078125, 4485.8466796875, 4508.5830078125, 4530.8623046875, 4551.49609375, 4572.5390625, 4593.19775390625, 4616.96728515625, 4642.38134765625, 4663.498046875, 4680.68798828125, 4693.74560546875, 4696.4619140625, 4694.3193359375, 4711.67041015625, 4736.5810546875, 4764.25927734375, 4791.462890625, 4816.12744140625, 4837.11669921875, 4853.98583984375, 4866.76171875, 4875.7763671875], "actual": [3929.0, 3909.0, 3937.0, 3931.0, 3936.0, 3929.0, 3897.0, 3874.0, 3883.0, 3918.0, 3919.0, 3917.0, 3912.0, 3882.0, 3893.0, 3919.0, 3920.0, 3997.0, 3997.0, 3993.0, 4018.0, 4013.0, 4019.0, 4035.0, 4074.0, 4074.0, 4077.0, 4100.0, 4111.0, 4149.0, 4166.0, 4145.0, 4146.0, 4145.0, 4098.0, 4106.0, 4269.0, 4269.0, 4269.0, 4269.0, 4269.0, 4269.0, 4269.0, 4269.0, 4269.0, 4269.0]}