{"model": "LSTM", "rmse": 446.98195276961945, "predictions": [3987.501708984375, 3983.69677734375, 3979.93896484375, 3976.76416015625, 3977.161865234375, 3973.975341796875, 3975.615966796875, 3979.350830078125, 3986.302978515625, 3994.406982421875, 4002.0126953125, 4011.05322265625, 4018.088134765625, 4027.910400390625, 4037.06005859375, 4051.253662109375, 4066.701416015625, 4080.100830078125, 4094.5751953125, 4114.13525390625, 4144.16357421875, 4176.47314453125, 4193.62060546875, 4200.8251953125, 4202.62548828125, 4198.9345703125, 4192.833984375, 4187.96533203125, 4171.39111328125, 4152.32666015625, 4133.04931640625, 4114.486328125, 4101.103515625, 4092.456787109375, 4096.83837890625, 4116.3115234375, 4145.46484375, 4177.93603515625, 4210.8740234375, 4233.259765625, 4249.40380859375, 4257.7373046875, 4264.08203125, 4272.01953125, 4280.0400390625, 4286.13134765625, 4294.7939453125, 4310.28759765625, 4330.7314453125, 4344.1943359375, 4353.775390625, 4359.77001953125, 4361.21142578125, 4364.81787109375, 4377.27001953125, 4391.134765625, 4399.9775390625, 4406.140625, 4409.80419921875, 4411.244140625, 4416.85595703125, 4418.96484375, 4415.88427734375, 4414.42529296875, 4412.59814453125, 4411.47802734375, 4409.62890625, 4402.4736328125, 4389.443359375, 4375.60986328125, 4367.8125, 4364.09228515625, 4362.9482421875, 4362.8017578125, 4358.69091796875, 4354.685546875, 4355.04296875, 4357.89892578125, 4374.2177734375, 4396.42529296875, 4419.78564453125, 4445.84814453125, 4470.09228515625, 4492.01708984375, 4512.89892578125, 4537.11962890625, 4560.5224609375, 4581.6513671875, 4602.9248046875, 4623.5732421875, 4647.70068359375, 4673.74951171875, 4694.7578125, 4710.96533203125, 4722.2265625, 4721.45947265625, 4714.9794921875, 4731.40966796875, 4757.7841796875, 4787.89013671875, 4817.48779296875, 4843.89404296875, 4865.66455078125, 4882.27783203125, 4893.8515625, 4900.90087890625], "actual": [3603.0, 3603.0, 3605.0, 3625.0, 3589.0, 3631.0, 3630.0, 3645.0, 3645.0, 3642.0, 3658.0, 3646.0, 3676.0000000000005, 3669.0, 3710.0, 3710.0, 3701.0000000000005, 3724.0, 3763.9999999999995, 3827.0, 3823.0, 3735.0, 3735.0, 3746.0, 3736.0, 3741.0000000000005, 3757.0, 3676.0000000000005, 3691.0, 3691.0, 3685.9999999999995, 3706.0, 3710.0, 3771.0, 3824.0, 3841.0, 3841.0, 3849.0, 3799.0, 3810.0, 3796.0, 3819.0000000000005, 3844.0000000000005, 3846.0, 3839.0, 3867.0, 3909.0000000000005, 3927.0, 3877.0, 3884.0000000000005, 3884.0000000000005, 3874.0, 3906.9999999999995, 3961.0000000000005, 3948.0000000000005, 3918.0, 3924.0, 3924.0, 3923.0, 3960.0000000000005, 3929.0, 3909.0000000000005, 3937.0, 3931.0, 3936.0, 3929.0, 3897.0000000000005, 3874.0, 3883.0000000000005, 3918.0, 3919.0, 3917.0, 3912.0, 3881.9999999999995, 3893.0, 3919.0, 3919.9999999999995, 3996.9999999999995, 3996.9999999999995, 3993.0, 4018.0, 4013.0000000000005, 4019.0, 4035.0, 4074.0, 4074.0, 4077.0000000000005, 4100.0, 4111.0, 4149.0, 4166.0, 4145.0, 4146.0, 4145.0, 4098.0, 4106.0, 4269.0, 4269.0, 4269.0, 4269.0, 4269.0, 4269.0, 4269.0, 4269.0, 4269.0, 4269.0]}