{"model": "Prophet", "rmse": 678.5239401130113, "predictions": [4296.452262753686, 4306.6628689035615, 4318.383967725369, 4321.729685766072, 4328.282296295915, 4332.9393531817705, 4333.598560987932, 4334.801415493636, 4344.259103295474, 4355.294112577415, 4358.0094084664215, 4363.977333397754, 4368.087380890599, 4368.2315693542605, 4368.948429478228, 4377.949079877074, 4388.558836254808, 4390.886208141689, 4396.511451722055, 4400.333842438241, 4400.256415930987, 4400.829218678314, 4409.774575676499, 4420.427856760185, 4422.9056342588065, 4428.793440007005, 4432.992324235894, 4433.403001575273, 4434.568658562161, 4444.19995803113, 4455.615743803217, 4458.9113529618335, 4465.646750316812, 4470.693685644812, 4471.920648255634, 4473.836673940407, 4484.117512069287, 4496.047621078168, 4499.689857866312, 4506.575028593879, 4511.550450479425, 4512.466245932347, 4513.820370416269, 4523.285829564976, 4534.153504829286, 4536.502409327814, 4541.889504374429, 4545.198197651133, 4544.324225444288, 4543.819912196987, 4551.420266269649, 4560.484346470037, 4561.163748240301, 4565.090378762966, 4567.222691573194, 4565.529142428736, 4564.62992727398, 4572.320535249111, 4582.010629792969, 4583.890187392503, 4589.615143673294, 4594.151795140312, 4595.458790837368, 4598.1278396578755, 4609.9067212563095, 4624.138156657094, 4630.926497437811, 4641.824497367186, 4651.679412828522, 4658.317247582001, 4666.186232039371, 4682.883072984768, 4701.595462240883, 4712.272721336335, 4726.3167518211885, 4738.432433139525, 4746.316171588569, 4754.303573795349, 4769.899662285337, 4786.225004908617, 4793.1895233665955, 4802.1860468386385, 4807.942660254952, 4808.212472552652, 4807.421716898937, 4813.1995579374525, 4818.822955951697, 4814.388353162006, 4811.502270605321, 4805.1299101033155, 4793.280453550664, 4780.650059149542, 4775.146036267563, 4770.325672085255, 4756.5616123498585, 4745.72603235887, 4733.03284731503, 4716.716812017479, 4701.670666312911, 4695.963959760814, 4693.277171410059, 4684.063156814276, 4680.228271711709, 4676.972515074756, 4672.467612557837, 4671.494243114857], "actual": [3603.0, 3603.0, 3605.0, 3625.0, 3589.0, 3631.0, 3630.0, 3645.0, 3645.0, 3642.0, 3658.0, 3646.0, 3676.0, 3669.0, 3710.0, 3710.0, 3701.0, 3724.0, 3764.0, 3827.0, 3823.0, 3735.0, 3735.0, 3746.0, 3736.0, 3741.0, 3757.0, 3676.0, 3691.0, 3691.0, 3686.0, 3706.0, 3710.0, 3771.0, 3824.0, 3841.0, 3841.0, 3849.0, 3799.0, 3810.0, 3796.0, 3819.0, 3844.0, 3846.0, 3839.0, 3867.0, 3909.0, 3927.0, 3877.0, 3884.0, 3884.0, 3874.0, 3907.0, 3961.0, 3948.0, 3918.0, 3924.0, 3924.0, 3923.0, 3960.0, 3929.0, 3909.0, 3937.0, 3931.0, 3936.0, 3929.0, 3897.0, 3874.0, 3883.0, 3918.0, 3919.0, 3917.0, 3912.0, 3882.0, 3893.0, 3919.0, 3920.0, 3997.0, 3997.0, 3993.0, 4018.0, 4013.0, 4019.0, 4035.0, 4074.0, 4074.0, 4077.0, 4100.0, 4111.0, 4149.0, 4166.0, 4145.0, 4146.0, 4145.0, 4098.0, 4106.0, 4269.0, 4269.0, 4269.0, 4269.0, 4269.0, 4269.0, 4269.0, 4269.0, 4269.0, 4269.0]}